Song Title,Artist,SBP Song Name,Key,Lead Vocals,Dale Guitar,Feel,Crowd Knows,Discriminator #1,Discriminator #2,Club Rating,BPM,Runtime,Popularity,Danceability,Energy
7 & 7,Turnpike Troubadours,7 & 7 (-1),Ab,Dale,Acoustic,Up,No,Red Dirt,"Swing, Set Starter",3,191,4:50,66,40,80
All My Rowdy Friends Have Settled Down,Hank Williams Jr.,All My Rowdy Friends Have Settled Down,C,Geed,Acoustic,,,Classic Country,,,127,4:00,65,71,54
BETTER OFF WRONG,Randy Rogers Band,Better Off Wrong,D,Dale,Electric,Up,No,Red Dirt,Set Starter,5,114,4:26,33,55,84
CASTANETS ,Reckless Kelly,Castanets,A,Dale,Electric,Up,No,Red Dirt,Set Ender,7,140,4:46,16,48,92
Cheatin Songs,Midland,Cheatin Songs,E,Merrill,Electric,,,Contemporary,,,110,3:35,67,72,72
CHICKEN FRIED,Zac Brown Band,Chicken Fried,G,Dale,Acoustic,Up,Yes,Contemporary,,3,170,3:58,85,57,71
Coast +4,Shane Smith & the Saints,Coast +4,B,Dale,Acoustic,,,Red Dirt,Set Starter,,163,3:49,54,39,69
COPPERHEAD RD,Steve Earle,Copperhead Road,D,Dale,Electric,Up,Yes,Contemporary,Line Dance,1,163,4:30,74,37,59
Devil Always Made Me Think Twice,Chris Stapleton,Devil Always Made Me Think Twice,G,Geed,Electric,,,Contemporary,,,122,3:52,74,73,69
DRINK IN MY HAND,Eric Church,Drink In My Hand (C),C,Dale,Electric,Mid,Yes,Contemporary,Line Dance,3,113,3:11,77,63,91
DRINKING PROBLEM,Midland,Drinkin Problem,A,Dale,Acoustic,Mid,Yes,Contemporary,Couples Dance,1,102,3:41,81,62,76
EL CERRITO PLACE,Charlie Robison,El Cerrito Place,D,Dale,Electric,Slow,Yes,Contemporary,Couples Dance,3,130,5:41,47,61,34
EVERYTHING I LOVE,Morgan Wallen,Everything I Love (+1),G#,Dale,Electric,,,Contemporary,Set Ender,,104,3:07,74,57,84
FAST AS YOU,Dwight Yoakam,Fast As You,E,Dale,Either,Up,Yes,Classic Country,"Line Dance, Set Ender",3,126,4:48,69,63,80
FEET DON'T TOUCH THE GROUND,Stoney Larue,Feet Dont Touch The Ground,G,Dale,Acoustic,Slow,No,Red Dirt,Couples Dance,5,64,4:09,56,45,38
FIGHTIN FOR     ,Cross Canadian Ragweed,Fightin For,A,Dale,Electric,Mid,No,Red Dirt,,9,108,3:21,42,64,74
FOLSOM PRISON BLUES,Johnny Cash,Folsom Prison Blues,E,Dale,Acoustic,Up,Yes,Classic Country,"Line Dance, Set Ender",3,111,2:36,70,69,53
FREE AND EASY DOWN THE ROAD,Dierks Bently,Free And Easy Down The Road,G,Dale,Electric,Up,Yes,Contemporary,"Set Starter, Set Ender",1,120,3:20,69,58,78
GETTIN TOUGH (GOOD OLD BOY),Steve Earle,Gettin Tough (Good Ol Boy),A,Dale,Electric,Mid,No,Alt Country,,1,124,4:00,38,73,68
GREEN & DUMB,Roger Clyne,Green And Dumb,G,Dale,Electric,Waltz,No,Red Dirt,Couples Dance,5,115,5:56,29,42,44
HALF OF ME,Thomas Rhett,Half Of Me,G,Dale,Acoustic,,,Contemporary,,,112,3:03,66,57,84
HANDLE ON YOU,Parker McCollum,Handle On You,F#,Dale,Acoustic,Mid,,Contemporary,,,105,3:40,73,59,93
Havent Had A Drink All Day,Toby Keith,Havent Had A Drink All Day,E,Dale,Electric,,,Classic Country,Set Ender,,158,2:33,30,45,96
HELL OF A VIEW,Eric Church,Hell Of A View (+1),F,Dale,Acoustic,Mid,Yes,Contemporary,Couples Dance,,99,2:55,72,69,59
Highway To Hell,AC/DC,Highway To Hell,F#m,Dale,Electric,Up,Yes,Rock,,,116,3:28,90,57,91
I LOOK FOR YOU,Kevin Welch,I Look For You,D,Dale,Acoustic,Mid,No,Red Dirt,,5,124,3:34,7,62,56
I'LL SING ABOUT MINE,Adam Hood / Josh abbot,I'll Sing About Mine (-2),G,Dale,Acoustic,Up,No,Red Dirt,Set Starter,3,122,4:34,27,53,93
King Of The Hill,The Refreshments,King Of The Hill,B,Dale,Electric,Up,No,Rock,,,143,0:58,42,47,88
LAST DANCE WITH MARY JANE      ,Tom Petty,Mary Janes Last Dance,C?,Dale,Electric,Mid,Yes,Rock,,3,170,4:34,83,46,65
LITTLE FEATHERED INDIANS,Tyler Childers,Feathered Indians,G,Dale,Acoustic,Mid,Yes,Alt Country,,,87,3:45,84,54,57
LITTLE SISTER,Dwight Yoakam,Little Sister,E,Dale,Acoustic,Up,Yes,Classic Country,"Dormant, Set Starter",,144,3:04,44,63,91
LOT OF LEAVIN LEFT TO DO,Dierks Bently,Lot of Leavin (+2),B,Dale,Acoustic,Up,Yes,Contemporary,"Set Starter, Set Ender",1,118,4:33,59,58,88
LUCKENBACH TEXAS,Waylon,Luckenbach Texas,G,Dale,Electric,Slow,Yes,Classic Country,Couples Dance,3,103,3:22,70,69,46
MAKE IT SWEET,Old Dominion,Make It Sweet,G,Dale,Acoustic,Mid,Yes,Contemporary,,1,180,3:06,64,42,84
MAMA TRIED,Merle,Mama Tried,D,Dale,Acoustic,Mid,Yes,Classic Country,,3,97,2:13,69,73,65
MAMAS DON’T LET BABIES BE COWBOYS,Waylon,Mammas Dont Let Your Babies Grow Up To Be Cowboys,D,Dale,Electric,Waltz,Yes,Classic Country,Couples Dance,3,188,2:38,73,36,36
ME AND MY KIND,Cody Johnson,Me And My Kind,D,Dale,Acoustic,Mid,Yes,Alt Country,Set Starter,,110,2:36,74,59,81
NOBODY'S GIRL           ,Reckless Kelly,Nobodys Girl,A,Dale,Electric,Up,No,Red Dirt,Set Ender,3,128,3:02,45,47,78
NOTHIN ON BUT THE RADIO,Gary Allan,Nothing On But The Radio,A,Dale,Acoustic,Mid,Yes,Contemporary,Couples Dance,1,109,3:32,67,68,74
Nothin's Working,The Mallet Brothers,Nothin's Working,A,Dale,Electric,,,Alt Country,"Set Starter, Set Ender",,105,3:28,20,55,83
Oklahoma (-2),Rob Baird,Oklahoma (-2),Bb,Dale,Electric,,,Red Dirt,,,130,3:39,18,57,59
OKLAHOMA BREAKDOWN        ,Stoney Larue,Oklahoma Breakdown,A,Dale,Electric,Mid,No,Red Dirt,Set Starter,1,104,4:46,57,71,57
PLEASE PLEASE BABY           ,Dwight Yoakam,Please Please Baby,E,Dale,Acoustic,Up,Yes,Classic Country,Swing,5,166,3:35,39,64,77
PONCHO AND LEFTY,Willie & Merle,Pancho And Lefty,D,Merrill,Acoustic,,,Classic Country,,,123,4:48,60,69,45
SHOULD'VE BEEN A COWBOY,Toby Keith,Shouldve Been A Cowboy,G,Dale,Acoustic,Up,Yes,Classic Country,,3,133,3:31,81,62,67
Take Me Out To A Dancehall,Pat Green,Take Me Out To A Dancehall,G,Dale,Acoustic,,,Red Dirt,,,132,3:38,50,69,78
THAT AIN'T MY TRUCK,Rhett Akins,Ain't My Truck,G,Dale,Acoustic,Up,Yes,Contemporary,Set Starter,1,129,4:03,67,64,79
TROUBLE,Wade Bowen,Trouble (+1),Ab,Dale,Electric,Mid,No,Red Dirt,,7,110,3:50,20,45,58
TULSA TIME            ,Don Williams,Tulsa Time,E,Dale,Electric,Mid,Yes,Classic Country,,3,104,3:15,72,92,57
TUPELO,Jason Isbell,Tupelo,A,Merrill,Electric,,,Alt Country,,,144,4:01,51,48,42
What Am I Supposed To Do Now,Riley Green,What Am I Supposed To Do Now,D,Dale,Electric,,,Contemporary,,,75,3:44,57,53,70
What's Left Of My Heart,Reckless Kelly,What's Left Of My Heart,D,Dale,Acoustic,,,Red Dirt,,,118,2:37,22,68,87
WHEN I'M STONED  ,Jason Boland,When Im Stoned,A,Dale,Electric,Up,No,Red Dirt,"Set Starter, Set Ender",3,94,3:22,40,67,62
Whiskey Bent And Hell Bound,Hank Williams Jr.,Whiskey Bent And Hell Bound,G,Geed,Electric,,,Classic Country,,,105,3:08,69,73,71
Wish I Didnt Know Now,Toby Keith,Wish I Didnt Know Now,G,Dale,Acoustic,,,Classic Country,,,117,3:27,73,80,71
You Owe Me a Beer,Colt 46,You Owe Me a Beer,Am,Dale,Electric,Mid,No,Contemporary,,,103,4:36,1,60,78
